Umur,BW,%Panen,Deplesi,IP
28.57,1.05,19.19,3.47,282.00
27.15,1.06,21.56,4.11,318.00
28.39,1.34,25.36,5.94,427.00
27.05,1.28,26.78,4.40,407.00
27.24,1.19,26.96,2.77,353.00
26.66,1.34,27.81,3.75,432.00
26.77,1.26,28.12,3.37,355.00
26.03,0.95,28.42,3.92,271.00
28.54,1.07,29.00,3.95,285.00
28.82,1.47,29.82,2.94,447.00
27.65,1.40,29.90,4.10,363.00
26.91,1.12,30.05,3.67,329.00
27.63,1.25,30.43,2.40,368.00
27.46,1.33,30.58,2.25,384.00
26.67,1.33,31.01,3.65,388.00
27.93,1.24,31.34,5.12,346.00
27.99,1.38,31.68,3.97,422.00
27.61,1.28,32.06,1.91,385.00
27.21,1.20,32.11,3.14,367.00
25.66,1.30,32.17,2.88,433.00
28.29,1.25,32.18,3.82,343.00
28.28,1.35,32.55,2.62,412.00
27.77,1.34,32.90,2.65,413.00
26.08,1.09,33.26,2.49,339.00
25.58,1.18,33.28,3.65,349.00
26.67,1.09,33.38,2.65,348.00
27.36,1.44,33.56,3.38,437.00
25.99,1.11,34.31,2.44,375.00
28.34,1.21,34.61,3.97,311.00
27.33,1.37,34.77,4.40,381.00
28.36,1.36,35.17,5.61,343.00
27.40,1.26,35.24,3.15,381.00
25.01,0.96,35.25,2.94,306.00
27.48,1.16,35.28,2.83,341.00
27.22,1.18,35.36,3.84,315.00
26.93,1.11,35.50,4.15,304.00
27.94,1.24,35.52,2.96,384.00
27.48,1.20,35.66,2.41,324.00
26.80,1.26,35.69,2.71,369.00
27.27,1.39,35.88,3.39,464.00
26.99,1.28,36.37,2.69,353.00
26.89,1.18,36.45,3.64,378.00
27.37,1.13,36.59,4.41,330.00
28.01,1.24,36.98,3.71,376.00
27.71,1.41,37.07,2.68,436.00
27.45,1.38,37.37,3.37,404.00
27.95,1.20,37.94,3.79,295.00
27.44,1.31,38.06,3.03,375.00
27.43,1.31,38.26,2.95,389.00
26.96,1.22,38.29,2.98,371.00
27.60,1.21,38.46,3.55,343.00
27.07,0.97,38.52,3.99,293.00
27.30,1.37,39.16,2.51,393.00
26.40,1.16,39.34,3.48,296.00
27.28,1.10,39.37,2.81,306.00
27.28,1.10,39.37,2.81,276.00
27.43,1.37,39.38,3.62,413.00
26.79,1.19,39.50,3.42,340.00
27.48,1.24,39.61,4.76,373.00
29.40,1.07,39.91,8.59,228.00
27.82,1.33,40.00,2.96,373.00
26.48,1.20,40.10,3.18,374.00
26.94,1.28,40.41,2.90,364.00
26.50,1.18,40.45,2.98,377.00
27.34,1.25,41.29,2.81,367.00
27.94,1.28,41.40,5.94,375.00
27.37,1.30,41.63,4.26,394.00
27.61,1.16,41.79,3.87,309.00
27.12,1.04,42.28,6.98,277.00
28.71,1.13,42.28,5.89,268.00
27.42,1.28,42.29,2.45,393.00
28.53,1.37,42.67,3.56,373.00
26.95,1.29,43.29,4.38,367.00
27.10,1.37,43.40,3.22,332.00
27.00,1.06,43.53,7.00,297.00
27.46,1.28,43.88,4.45,318.00
26.28,1.23,44.12,4.98,369.00
27.17,1.15,44.27,5.46,345.00
27.34,1.17,44.52,4.05,293.00
26.93,1.26,44.57,4.63,363.00
28.73,1.25,44.59,2.92,283.00
27.27,1.24,44.74,3.01,339.00
26.79,1.14,44.79,3.91,318.00
26.38,1.09,44.89,3.44,303.00
27.10,1.20,45.02,3.70,341.00
27.38,1.18,45.23,6.04,317.00
27.63,1.18,45.32,2.80,328.00
26.50,1.22,45.77,3.55,368.00
25.79,1.13,45.85,4.04,363.00
26.90,1.21,46.31,5.61,371.00
25.88,1.04,46.37,2.55,310.00
27.79,1.19,46.42,3.25,329.00
27.18,1.27,46.81,3.84,328.00
28.55,1.42,46.84,2.86,351.00
26.34,1.20,46.96,3.82,333.00
27.34,1.19,47.18,4.58,308.00
27.00,1.27,47.36,5.25,336.00
27.71,1.36,47.55,3.42,393.00
26.64,1.15,47.64,3.04,355.00
27.97,1.19,48.14,3.66,291.00
27.35,1.05,48.18,4.35,296.00
28.60,1.33,48.62,6.34,347.00
27.50,1.10,48.71,3.05,290.00
27.40,1.10,49.20,5.64,261.00
27.30,1.18,49.43,3.13,331.00
27.30,1.18,49.43,3.13,253.00
27.45,1.16,49.66,3.82,323.00
27.48,1.38,50.12,3.62,395.00
29.18,1.40,50.16,5.65,376.00
27.85,1.30,50.27,2.91,364.00
27.10,1.07,50.61,6.55,327.00
28.02,1.03,50.90,2.74,273.00
28.02,1.03,50.90,2.74,241.00
26.89,1.17,50.92,4.14,313.00
26.90,1.22,53.01,3.70,364.00
27.35,1.19,53.70,3.50,369.00
27.80,1.16,55.02,5.86,312.00
27.95,1.36,55.47,5.31,331.00
27.72,1.30,56.08,4.76,372.00
26.95,1.35,56.17,4.18,364.00
27.79,1.32,56.75,3.32,368.00
27.07,1.15,57.02,4.24,313.00
26.76,1.19,60.40,3.01,325.00
26.48,1.33,38.51,3.28,388.00
27.06,1.51,29.33,3.17,501.00
26.21,1.33,35.80,2.37,444.00
25.97,1.27,43.82,2.69,416.00
25.39,1.12,30.20,2.37,397.00
25.90,1.19,28.69,2.12,447.00
27.36,1.23,22.20,4.19,399.00
26.53,1.13,34.25,3.99,359.00
27.12,1.29,40.51,2.53,403.00
27.94,1.38,67.97,3.59,343.00
26.25,0.92,36.36,8.49,306.00
26.56,0.98,37.93,6.32,339.00
27.02,1.29,36.78,2.34,385.00
25.94,1.26,33.81,2.27,467.00
26.58,1.37,47.17,2.25,427.00
25.14,1.25,42.09,2.50,443.00
25.09,1.14,31.24,2.12,394.00
25.03,1.18,28.56,2.84,454.00
29.06,1.40,20.16,4.16,412.00
28.52,1.25,36.36,4.12,356.00
27.15,1.20,28.62,4.36,363.00
27.45,1.26,29.06,3.26,377.00
27.93,1.36,25.11,3.54,352.00
27.70,1.24,38.52,3.77,346.00
26.98,1.31,38.42,2.76,386.00
26.85,1.47,35.36,2.81,463.00
27.70,1.46,44.47,3.07,399.00
26.67,1.26,44.75,4.13,352.00
27.24,1.37,39.01,3.37,403.00
27.21,1.47,33.58,3.33,414.00
26.13,1.42,38.00,2.76,417.00
25.76,1.32,35.96,2.74,416.00
27.09,1.34,49.26,4.82,366.00
26.73,1.30,52.55,3.15,364.00
24.96,1.11,19.05,4.15,381.00
24.96,1.03,27.50,3.62,357.00
27.64,1.42,35.23,4.42,413.00
26.53,1.41,35.99,2.76,432.00
26.75,1.38,39.28,3.97,396.00
26.77,1.43,36.81,3.28,428.00
27.36,1.38,36.16,5.77,404.00
27.43,1.43,45.77,4.48,415.00
28.18,1.42,41.25,4.39,335.00
26.99,0.94,28.77,4.48,262.00
27.03,1.10,26.73,3.72,325.00
27.53,1.18,28.41,3.89,400.00
28.48,1.01,24.79,4.79,368.00
28.87,0.97,32.35,4.26,271.00
26.81,1.14,47.98,4.57,324.00
27.38,1.15,49.60,3.88,312.00
27.76,1.28,43.17,3.32,381.00
26.90,1.12,55.05,3.95,311.00
28.20,1.32,79.77,4.42,295.00
27.96,1.41,64.93,3.69,336.00
27.51,1.20,28.36,4.05,331.00
26.51,0.92,41.08,3.69,229.00
26.58,1.12,25.49,3.80,336.00
27.35,0.98,29.27,4.89,250.00
26.64,1.05,25.96,4.23,319.00
27.52,1.10,32.24,4.35,303.00
26.26,1.15,26.45,4.00,409.00
24.00,0.88,25.81,5.17,351.00
26.76,0.97,15.20,3.57,384.00
25.54,0.96,17.91,2.81,389.00
27.05,0.89,11.78,4.67,373.00
28.00,0.90,5.74,5.92,364.00
27.90,1.31,47.30,4.42,309.00
28.30,1.46,45.22,2.92,381.00
27.12,1.16,63.11,5.04,292.00
27.85,1.31,57.62,3.62,358.00
28.70,1.23,29.95,6.60,247.00
28.12,1.11,59.36,11.57,226.00
27.79,1.04,24.47,15.49,261.00
26.46,0.85,26.49,13.89,265.00
27.77,1.23,49.81,4.32,300.00
25.59,1.05,35.33,5.71,316.00
27.34,1.20,52.27,2.59,371.00
27.19,1.24,46.07,2.75,375.00
26.78,1.39,39.49,2.03,448.00
26.76,1.25,41.92,2.59,382.00
27.00,1.36,40.10,2.18,424.00
27.19,1.33,55.29,2.68,375.00
27.68,1.43,46.58,2.34,440.00
26.76,1.34,37.05,2.32,402.00
27.36,1.39,44.06,1.87,419.00
27.47,1.45,42.56,1.81,445.00
26.86,1.31,34.55,1.70,420.00
27.10,1.33,45.51,1.59,388.00
27.22,1.39,43.33,1.74,398.00
27.07,1.33,43.71,1.71,427.00
26.66,1.38,33.53,2.70,423.00
26.66,1.40,37.14,2.76,419.00
26.19,1.33,33.09,2.94,381.00
27.16,1.42,35.19,2.50,404.00
26.09,1.18,39.99,3.46,366.00
25.69,1.34,38.04,2.91,452.00
27.02,1.32,40.90,3.37,398.00
26.78,1.39,42.20,2.28,436.00
25.36,1.15,36.96,3.35,371.00
26.47,1.39,41.11,2.61,438.00
26.24,1.30,39.09,2.32,412.00
26.15,1.31,35.89,2.22,455.00
24.83,0.94,35.71,3.76,287.00
24.33,0.95,30.32,2.89,324.00
24.70,0.93,30.40,3.03,296.00
24.07,0.85,32.18,3.59,309.00
26.94,1.23,43.44,3.18,341.00
24.74,0.93,32.02,4.33,295.00
27.53,1.21,18.74,3.97,373.00
26.58,1.09,22.85,3.52,314.00
27.66,1.29,34.97,3.50,374.00
26.32,1.02,28.96,3.34,313.00
27.59,1.16,39.19,3.09,317.00
27.03,1.13,38.53,3.29,341.00
27.79,1.04,24.47,15.49,261.00
26.46,0.85,26.49,13.89,265.00
27.77,1.23,49.81,4.32,300.00
25.59,1.05,35.33,5.71,316.00
27.34,1.20,52.27,2.59,371.00
27.19,1.24,46.07,2.75,375.00
27.90,1.31,47.30,4.34,309.00
28.30,1.46,45.22,2.85,381.00
27.12,1.16,63.11,5.04,292.00
27.85,1.31,57.62,3.56,358.00
28.70,1.23,29.95,6.60,247.00
28.12,1.11,59.36,11.57,226.00
26.26,1.15,26.45,3.93,409.00
24.00,0.88,25.81,5.17,351.00
26.76,0.97,15.20,3.57,384.00
25.54,0.96,17.91,2.81,389.00
27.05,0.89,11.78,4.62,373.00
28.00,0.90,5.74,5.92,364.00
25.93,1.10,19.53,3.61,331.00
26.51,0.92,41.08,4.12,229.00
26.58,1.12,25.49,3.80,336.00
27.35,0.98,29.27,4.82,250.00
26.64,1.05,25.96,4.23,319.00
27.52,1.10,32.24,4.35,303.00
26.81,1.14,47.98,4.57,324.00
27.38,1.15,49.60,3.88,312.00
27.76,1.28,33.62,3.32,381.00
26.90,1.12,55.05,3.95,311.00
28.20,1.32,79.77,4.34,295.00
27.96,1.41,64.93,3.64,336.00
26.77,1.28,31.79,3.38,351.00
26.45,1.27,32.83,3.24,403.00
26.83,1.27,30.56,3.30,341.00
26.31,1.26,23.45,4.01,324.00
27.29,1.35,49.04,7.20,328.00
27.97,1.42,63.20,6.17,325.00
27.97,1.49,43.69,3.02,382.00
27.59,1.38,45.24,2.61,355.00
27.83,1.28,42.25,2.52,371.00
27.85,1.28,39.07,3.20,359.00
28.21,1.40,42.41,2.74,345.00
27.96,1.36,41.95,3.08,322.00
27.58,1.33,31.86,2.53,337.00
26.78,1.22,20.91,2.99,347.00
26.86,1.24,20.02,3.23,338.00
26.79,1.12,24.89,3.65,286.00
27.85,1.34,21.46,3.79,403.00
27.63,1.21,32.44,4.66,340.00
28.59,1.26,8.54,3.15,302.00
28.42,1.24,13.79,2.51,368.00
27.92,1.21,20.62,2.67,362.00
27.89,1.14,37.77,4.24,304.00
25.77,1.12,23.83,2.84,329.00
26.69,1.16,39.55,2.94,330.00
26.66,1.38,33.53,2.70,423.00
26.66,1.40,37.14,2.81,419.00
26.19,1.33,33.09,2.94,381.00
27.16,1.42,35.19,2.50,404.00
26.09,1.18,39.99,3.46,366.00
25.69,1.34,38.04,2.91,452.00
27.02,1.32,40.90,3.37,398.00
26.78,1.39,42.20,2.28,436.00
25.36,1.15,36.96,3.35,371.00
26.47,1.39,41.11,2.61,438.00
26.24,1.30,39.09,2.32,412.00
26.15,1.31,35.89,2.26,455.00
26.78,1.39,39.49,2.03,448.00
26.76,1.25,41.92,2.59,382.00
27.00,1.36,40.10,2.18,424.00
27.19,1.33,55.29,2.68,375.00
27.68,1.43,46.58,2.30,440.00
26.76,1.34,37.05,2.23,402.00
27.36,1.39,44.06,1.87,419.00
27.47,1.45,42.56,1.81,445.00
26.86,1.31,34.55,1.74,420.00
27.10,1.33,45.51,1.65,388.00
27.22,1.39,43.33,1.78,398.00
27.07,1.33,43.71,1.77,427.00
26.97,1.48,38.97,2.14,445.00
26.77,1.34,42.27,2.03,417.00
27.19,1.49,37.45,2.30,435.00
26.33,1.34,39.24,2.10,392.00
26.91,1.30,42.77,2.13,375.00
26.91,1.47,41.29,2.31,466.00
26.72,1.27,40.60,1.82,413.00
26.84,1.30,39.99,1.98,416.00
26.84,1.38,30.06,2.46,425.00
27.81,1.50,50.36,2.40,391.00
26.71,1.35,39.96,2.16,430.00
26.97,1.32,40.25,2.23,389.00
